real\0003_01_00_01_0.jpg,1
real\0003_01_00_01_101.jpg,1
real\0003_01_00_01_105.jpg,1
real\0003_01_00_01_109.jpg,1
real\0003_01_00_01_112.jpg,1
real\0003_01_00_01_116.jpg,1
real\0003_01_00_01_12.jpg,1
real\0003_01_00_01_123.jpg,1
real\0003_01_00_01_127.jpg,1
real\0003_01_00_01_131.jpg,1
real\0003_01_00_01_135.jpg,1
real\0003_01_00_01_139.jpg,1
real\0003_01_00_01_142.jpg,1
real\0003_01_00_01_146.jpg,1
real\0003_01_00_01_15.jpg,1
real\0003_01_00_01_153.jpg,1
real\0003_01_00_01_157.jpg,1
real\0003_01_00_01_163.jpg,1
real\0003_01_00_01_168.jpg,1
real\0003_01_00_01_172.jpg,1
real\0003_01_00_01_176.jpg,1
real\0003_01_00_01_182.jpg,1
real\0003_01_00_01_188.jpg,1
real\0003_01_00_01_192.jpg,1
real\0003_01_00_01_200.jpg,1
real\0003_01_00_01_204.jpg,1
real\0003_01_00_01_208.jpg,1
real\0003_01_00_01_211.jpg,1
real\0003_01_00_01_215.jpg,1
real\0003_01_00_01_219.jpg,1
real\0003_01_00_01_222.jpg,1
real\0003_01_00_01_226.jpg,1
real\0003_01_00_01_23.jpg,1
real\0003_01_00_01_233.jpg,1
real\0003_01_00_01_237.jpg,1
real\0003_01_00_01_240.jpg,1
real\0003_01_00_01_244.jpg,1
real\0003_01_00_01_248.jpg,1
real\0003_01_00_01_251.jpg,1
real\0003_01_00_01_27.jpg,1
real\0003_01_00_01_29.jpg,1
real\0003_01_00_01_30.jpg,1
real\0003_01_00_01_32.jpg,1
real\0003_01_00_01_34.jpg,1
real\0003_01_00_01_35.jpg,1
real\0003_01_00_01_43.jpg,1
real\0003_01_00_01_46.jpg,1
real\0003_01_00_01_48.jpg,1
real\0003_01_00_01_51.jpg,1
real\0003_01_00_01_57.jpg,1
real\0003_01_00_01_61.jpg,1
real\0003_01_00_01_65.jpg,1
real\0003_01_00_01_69.jpg,1
real\0003_01_00_01_73.jpg,1
real\0003_01_00_01_79.jpg,1
real\0003_01_00_01_82.jpg,1
real\0003_01_00_01_86.jpg,1
real\0003_01_00_01_90.jpg,1
real\0003_01_00_01_94.jpg,1
real\0003_01_00_01_98.jpg,1
real\0004_01_00_01_0.jpg,1
real\0004_01_00_01_101.jpg,1
real\0004_01_00_01_105.jpg,1
real\0004_01_00_01_109.jpg,1
real\0004_01_00_01_112.jpg,1
real\0004_01_00_01_116.jpg,1
real\0004_01_00_01_122.jpg,1
real\0004_01_00_01_141.jpg,1
real\0004_01_00_01_145.jpg,1
real\0004_01_00_01_15.jpg,1
real\0004_01_00_01_154.jpg,1
real\0004_01_00_01_169.jpg,1
real\0004_01_00_01_172.jpg,1
real\0004_01_00_01_176.jpg,1
real\0004_01_00_01_18.jpg,1
real\0004_01_00_01_183.jpg,1
real\0004_01_00_01_187.jpg,1
real\0004_01_00_01_190.jpg,1
real\0004_01_00_01_194.jpg,1
real\0004_01_00_01_198.jpg,1
real\0004_01_00_01_200.jpg,1
real\0004_01_00_01_204.jpg,1
real\0004_01_00_01_209.jpg,1
real\0004_01_00_01_212.jpg,1
real\0004_01_00_01_216.jpg,1
real\0004_01_00_01_220.jpg,1
real\0004_01_00_01_224.jpg,1
real\0004_01_00_01_228.jpg,1
real\0004_01_00_01_231.jpg,1
real\0004_01_00_01_235.jpg,1
real\0004_01_00_01_239.jpg,1
real\0004_01_00_01_242.jpg,1
real\0004_01_00_01_246.jpg,1
real\0004_01_00_01_25.jpg,1
real\0004_01_00_01_254.jpg,1
real\0004_01_00_01_258.jpg,1
real\0004_01_00_01_261.jpg,1
real\0004_01_00_01_265.jpg,1
real\0004_01_00_01_269.jpg,1
real\0004_01_00_01_272.jpg,1
real\0004_01_00_01_277.jpg,1
real\0004_01_00_01_280.jpg,1
real\0004_01_00_01_30.jpg,1
real\0004_01_00_01_33.jpg,1
real\0004_01_00_01_35.jpg,1
real\0004_01_00_01_41.jpg,1
real\0004_01_00_01_43.jpg,1
real\0004_01_00_01_51.jpg,1
real\0004_01_00_01_55.jpg,1
real\0004_01_00_01_59.jpg,1
real\0004_01_00_01_62.jpg,1
real\0004_01_00_01_66.jpg,1
real\0004_01_00_01_7.jpg,1
real\0004_01_00_01_73.jpg,1
real\0004_01_00_01_77.jpg,1
real\0004_01_00_01_80.jpg,1
real\0004_01_00_01_86.jpg,1
real\0004_01_00_01_9.jpg,1
real\0004_01_00_01_93.jpg,1
real\0004_01_00_01_97.jpg,1
real\0005_00_00_01_0.jpg,1
real\0005_00_00_01_106.jpg,1
real\0005_00_00_01_12.jpg,1
real\0005_00_00_01_13.jpg,1
real\0005_00_00_01_136.jpg,1
real\0005_00_00_01_152.jpg,1
real\0005_00_00_01_16.jpg,1
real\0005_00_00_01_17.jpg,1
real\0005_00_00_01_182.jpg,1
real\0005_00_00_01_188.jpg,1
real\0005_00_00_01_195.jpg,1
real\0005_00_00_01_201.jpg,1
real\0005_00_00_01_206.jpg,1
real\0005_00_00_01_22.jpg,1
real\0005_00_00_01_240.jpg,1
real\0005_00_00_01_255.jpg,1
real\0005_00_00_01_262.jpg,1
real\0005_00_00_01_287.jpg,1
real\0005_00_00_01_299.jpg,1
real\0005_00_00_01_302.jpg,1
real\0005_00_00_01_309.jpg,1
real\0005_00_00_01_313.jpg,1
real\0005_00_00_01_318.jpg,1
real\0005_00_00_01_325.jpg,1
real\0005_00_00_01_332.jpg,1
real\0005_00_00_01_336.jpg,1
real\0005_00_00_01_342.jpg,1
real\0005_00_00_01_348.jpg,1
real\0005_00_00_01_354.jpg,1
real\0005_00_00_01_36.jpg,1
real\0005_00_00_01_364.jpg,1
real\0005_00_00_01_370.jpg,1
real\0005_00_00_01_374.jpg,1
real\0005_00_00_01_378.jpg,1
real\0005_00_00_01_381.jpg,1
real\0005_00_00_01_385.jpg,1
real\0005_00_00_01_391.jpg,1
real\0005_00_00_01_396.jpg,1
real\0005_00_00_01_401.jpg,1
real\0005_00_00_01_412.jpg,1
real\0005_00_00_01_418.jpg,1
real\0005_00_00_01_425.jpg,1
real\0005_00_00_01_439.jpg,1
real\0005_00_00_01_442.jpg,1
real\0005_00_00_01_446.jpg,1
real\0005_00_00_01_450.jpg,1
real\0005_00_00_01_454.jpg,1
real\0005_00_00_01_458.jpg,1
real\0005_00_00_01_47.jpg,1
real\0005_00_00_01_51.jpg,1
real\0005_00_00_01_55.jpg,1
real\0005_00_00_01_59.jpg,1
real\0005_00_00_01_62.jpg,1
real\0005_00_00_01_66.jpg,1
real\0005_00_00_01_7.jpg,1
real\0005_00_00_01_73.jpg,1
real\0005_00_00_01_78.jpg,1
real\0005_00_00_01_88.jpg,1
real\0005_00_00_01_91.jpg,1
real\0005_00_00_01_95.jpg,1
real\0006_00_00_01_0.jpg,1
real\0006_00_00_01_101.jpg,1
real\0006_00_00_01_105.jpg,1
real\0006_00_00_01_11.jpg,1
real\0006_00_00_01_113.jpg,1
real\0006_00_00_01_117.jpg,1
real\0006_00_00_01_120.jpg,1
real\0006_00_00_01_124.jpg,1
real\0006_00_00_01_128.jpg,1
real\0006_00_00_01_131.jpg,1
real\0006_00_00_01_135.jpg,1
real\0006_00_00_01_139.jpg,1
real\0006_00_00_01_142.jpg,1
real\0006_00_00_01_146.jpg,1
real\0006_00_00_01_15.jpg,1
real\0006_00_00_01_153.jpg,1
real\0006_00_00_01_157.jpg,1
real\0006_00_00_01_160.jpg,1
real\0006_00_00_01_164.jpg,1
real\0006_00_00_01_169.jpg,1
real\0006_00_00_01_172.jpg,1
real\0006_00_00_01_176.jpg,1
real\0006_00_00_01_18.jpg,1
real\0006_00_00_01_183.jpg,1
real\0006_00_00_01_187.jpg,1
real\0006_00_00_01_190.jpg,1
real\0006_00_00_01_194.jpg,1
real\0006_00_00_01_199.jpg,1
real\0006_00_00_01_201.jpg,1
real\0006_00_00_01_205.jpg,1
real\0006_00_00_01_209.jpg,1
real\0006_00_00_01_212.jpg,1
real\0006_00_00_01_217.jpg,1
real\0006_00_00_01_220.jpg,1
real\0006_00_00_01_224.jpg,1
real\0006_00_00_01_228.jpg,1
real\0006_00_00_01_231.jpg,1
real\0006_00_00_01_235.jpg,1
real\0006_00_00_01_239.jpg,1
real\0006_00_00_01_242.jpg,1
real\0006_00_00_01_25.jpg,1
real\0006_00_00_01_28.jpg,1
real\0006_00_00_01_31.jpg,1
real\0006_00_00_01_35.jpg,1
real\0006_00_00_01_39.jpg,1
real\0006_00_00_01_42.jpg,1
real\0006_00_00_01_48.jpg,1
real\0006_00_00_01_51.jpg,1
real\0006_00_00_01_55.jpg,1
real\0006_00_00_01_59.jpg,1
real\0006_00_00_01_62.jpg,1
real\0006_00_00_01_66.jpg,1
real\0006_00_00_01_70.jpg,1
real\0006_00_00_01_74.jpg,1
real\0006_00_00_01_78.jpg,1
real\0006_00_00_01_81.jpg,1
real\0006_00_00_01_85.jpg,1
real\0006_00_00_01_89.jpg,1
real\0006_00_00_01_92.jpg,1
real\0006_00_00_01_96.jpg,1
real\0007_00_00_01_0.jpg,1
real\0007_00_00_01_101.jpg,1
real\0007_00_00_01_105.jpg,1
real\0007_00_00_01_109.jpg,1
real\0007_00_00_01_112.jpg,1
real\0007_00_00_01_116.jpg,1
real\0007_00_00_01_12.jpg,1
real\0007_00_00_01_123.jpg,1
real\0007_00_00_01_127.jpg,1
real\0007_00_00_01_130.jpg,1
real\0007_00_00_01_134.jpg,1
real\0007_00_00_01_138.jpg,1
real\0007_00_00_01_141.jpg,1
real\0007_00_00_01_145.jpg,1
real\0007_00_00_01_149.jpg,1
real\0007_00_00_01_152.jpg,1
real\0007_00_00_01_156.jpg,1
real\0007_00_00_01_160.jpg,1
real\0007_00_00_01_166.jpg,1
real\0007_00_00_01_17.jpg,1
real\0007_00_00_01_174.jpg,1
real\0007_00_00_01_18.jpg,1
real\0007_00_00_01_183.jpg,1
real\0007_00_00_01_188.jpg,1
real\0007_00_00_01_191.jpg,1
real\0007_00_00_01_195.jpg,1
real\0007_00_00_01_199.jpg,1
real\0007_00_00_01_201.jpg,1
real\0007_00_00_01_205.jpg,1
real\0007_00_00_01_21.jpg,1
real\0007_00_00_01_213.jpg,1
real\0007_00_00_01_217.jpg,1
real\0007_00_00_01_220.jpg,1
real\0007_00_00_01_224.jpg,1
real\0007_00_00_01_229.jpg,1
real\0007_00_00_01_232.jpg,1
real\0007_00_00_01_236.jpg,1
real\0007_00_00_01_240.jpg,1
real\0007_00_00_01_27.jpg,1
real\0007_00_00_01_32.jpg,1
real\0007_00_00_01_35.jpg,1
real\0007_00_00_01_36.jpg,1
real\0007_00_00_01_41.jpg,1
real\0007_00_00_01_42.jpg,1
real\0007_00_00_01_44.jpg,1
real\0007_00_00_01_48.jpg,1
real\0007_00_00_01_5.jpg,1
real\0007_00_00_01_53.jpg,1
real\0007_00_00_01_57.jpg,1
real\0007_00_00_01_60.jpg,1
real\0007_00_00_01_64.jpg,1
real\0007_00_00_01_68.jpg,1
real\0007_00_00_01_71.jpg,1
real\0007_00_00_01_75.jpg,1
real\0007_00_00_01_79.jpg,1
real\0007_00_00_01_82.jpg,1
real\0007_00_00_01_86.jpg,1
real\0007_00_00_01_9.jpg,1
real\0007_00_00_01_93.jpg,1
real\0007_00_00_01_97.jpg,1
real\0008_00_00_02_0.jpg,1
real\0008_00_00_02_101.jpg,1
real\0008_00_00_02_105.jpg,1
real\0008_00_00_02_109.jpg,1
real\0008_00_00_02_112.jpg,1
real\0008_00_00_02_116.jpg,1
real\0008_00_00_02_12.jpg,1
real\0008_00_00_02_123.jpg,1
real\0008_00_00_02_127.jpg,1
real\0008_00_00_02_131.jpg,1
real\0008_00_00_02_135.jpg,1
real\0008_00_00_02_139.jpg,1
real\0008_00_00_02_143.jpg,1
real\0008_00_00_02_147.jpg,1
real\0008_00_00_02_151.jpg,1
real\0008_00_00_02_155.jpg,1
real\0008_00_00_02_159.jpg,1
real\0008_00_00_02_162.jpg,1
real\0008_00_00_02_166.jpg,1
real\0008_00_00_02_17.jpg,1
real\0008_00_00_02_173.jpg,1
real\0008_00_00_02_177.jpg,1
real\0008_00_00_02_180.jpg,1
real\0008_00_00_02_184.jpg,1
real\0008_00_00_02_188.jpg,1
real\0008_00_00_02_191.jpg,1
real\0008_00_00_02_195.jpg,1
real\0008_00_00_02_199.jpg,1
real\0008_00_00_02_201.jpg,1
real\0008_00_00_02_205.jpg,1
real\0008_00_00_02_209.jpg,1
real\0008_00_00_02_212.jpg,1
real\0008_00_00_02_216.jpg,1
real\0008_00_00_02_22.jpg,1
real\0008_00_00_02_223.jpg,1
real\0008_00_00_02_227.jpg,1
real\0008_00_00_02_230.jpg,1
real\0008_00_00_02_234.jpg,1
real\0008_00_00_02_238.jpg,1
real\0008_00_00_02_26.jpg,1
real\0008_00_00_02_3.jpg,1
real\0008_00_00_02_34.jpg,1
real\0008_00_00_02_38.jpg,1
real\0008_00_00_02_43.jpg,1
real\0008_00_00_02_47.jpg,1
real\0008_00_00_02_48.jpg,1
real\0008_00_00_02_5.jpg,1
real\0008_00_00_02_53.jpg,1
real\0008_00_00_02_57.jpg,1
real\0008_00_00_02_60.jpg,1
real\0008_00_00_02_64.jpg,1
real\0008_00_00_02_68.jpg,1
real\0008_00_00_02_71.jpg,1
real\0008_00_00_02_75.jpg,1
real\0008_00_00_02_79.jpg,1
real\0008_00_00_02_82.jpg,1
real\0008_00_00_02_86.jpg,1
real\0008_00_00_02_9.jpg,1
real\0008_00_00_02_93.jpg,1
real\0008_00_00_02_97.jpg,1
real\0009_01_00_01_0.jpg,1
real\0009_01_00_01_101.jpg,1
real\0009_01_00_01_105.jpg,1
real\0009_01_00_01_109.jpg,1
real\0009_01_00_01_112.jpg,1
real\0009_01_00_01_116.jpg,1
real\0009_01_00_01_12.jpg,1
real\0009_01_00_01_123.jpg,1
real\0009_01_00_01_127.jpg,1
real\0009_01_00_01_130.jpg,1
real\0009_01_00_01_135.jpg,1
real\0009_01_00_01_147.jpg,1
real\0009_01_00_01_150.jpg,1
real\0009_01_00_01_154.jpg,1
real\0009_01_00_01_158.jpg,1
real\0009_01_00_01_161.jpg,1
real\0009_01_00_01_165.jpg,1
real\0009_01_00_01_169.jpg,1
real\0009_01_00_01_172.jpg,1
real\0009_01_00_01_176.jpg,1
real\0009_01_00_01_181.jpg,1
real\0009_01_00_01_185.jpg,1
real\0009_01_00_01_189.jpg,1
real\0009_01_00_01_192.jpg,1
real\0009_01_00_01_197.jpg,1
real\0009_01_00_01_201.jpg,1
real\0009_01_00_01_205.jpg,1
real\0009_01_00_01_209.jpg,1
real\0009_01_00_01_212.jpg,1
real\0009_01_00_01_218.jpg,1
real\0009_01_00_01_225.jpg,1
real\0009_01_00_01_230.jpg,1
real\0009_01_00_01_234.jpg,1
real\0009_01_00_01_239.jpg,1
real\0009_01_00_01_244.jpg,1
real\0009_01_00_01_252.jpg,1
real\0009_01_00_01_256.jpg,1
real\0009_01_00_01_26.jpg,1
real\0009_01_00_01_263.jpg,1
real\0009_01_00_01_268.jpg,1
real\0009_01_00_01_271.jpg,1
real\0009_01_00_01_275.jpg,1
real\0009_01_00_01_279.jpg,1
real\0009_01_00_01_282.jpg,1
real\0009_01_00_01_286.jpg,1
real\0009_01_00_01_29.jpg,1
real\0009_01_00_01_293.jpg,1
real\0009_01_00_01_297.jpg,1
real\0009_01_00_01_301.jpg,1
real\0009_01_00_01_305.jpg,1
real\0009_01_00_01_309.jpg,1
real\0009_01_00_01_312.jpg,1
real\0009_01_00_01_316.jpg,1
real\0009_01_00_01_32.jpg,1
real\0009_01_00_01_323.jpg,1
real\0009_01_00_01_327.jpg,1
real\0009_01_00_01_332.jpg,1
real\0009_01_00_01_36.jpg,1
real\0009_01_00_01_4.jpg,1
real\0009_01_00_01_41.jpg,1
Fake\0003_01_00_01_10.jpg,0
Fake\0003_01_00_01_104.jpg,0
Fake\0003_01_00_01_109.jpg,0
Fake\0003_01_00_01_113.jpg,0
Fake\0003_01_00_01_118.jpg,0
Fake\0003_01_00_01_122.jpg,0
Fake\0003_01_00_01_127.jpg,0
Fake\0003_01_00_01_131.jpg,0
Fake\0003_01_00_01_136.jpg,0
Fake\0003_01_00_01_140.jpg,0
Fake\0003_01_00_01_145.jpg,0
Fake\0003_01_00_01_15.jpg,0
Fake\0003_01_00_01_154.jpg,0
Fake\0003_01_00_01_159.jpg,0
Fake\0003_01_00_01_163.jpg,0
Fake\0003_01_00_01_168.jpg,0
Fake\0003_01_00_01_172.jpg,0
Fake\0003_01_00_01_177.jpg,0
Fake\0003_01_00_01_181.jpg,0
Fake\0003_01_00_01_186.jpg,0
Fake\0003_01_00_01_190.jpg,0
Fake\0003_01_00_01_195.jpg,0
Fake\0003_01_00_01_20.jpg,0
Fake\0003_01_00_01_204.jpg,0
Fake\0003_01_00_01_209.jpg,0
Fake\0003_01_00_01_213.jpg,0
Fake\0003_01_00_01_218.jpg,0
Fake\0003_01_00_01_222.jpg,0
Fake\0003_01_00_01_227.jpg,0
Fake\0003_01_00_01_231.jpg,0
Fake\0003_01_00_01_236.jpg,0
Fake\0003_01_00_01_240.jpg,0
Fake\0003_01_00_01_245.jpg,0
Fake\0003_01_00_01_25.jpg,0
Fake\0003_01_00_01_254.jpg,0
Fake\0003_01_00_01_259.jpg,0
Fake\0003_01_00_01_263.jpg,0
Fake\0003_01_00_01_268.jpg,0
Fake\0003_01_00_01_272.jpg,0
Fake\0003_01_00_01_277.jpg,0
Fake\0003_01_00_01_281.jpg,0
Fake\0003_01_00_01_286.jpg,0
Fake\0003_01_00_01_290.jpg,0
Fake\0003_01_00_01_295.jpg,0
Fake\0003_01_00_01_30.jpg,0
Fake\0003_01_00_01_304.jpg,0
Fake\0003_01_00_01_35.jpg,0
Fake\0003_01_00_01_40.jpg,0
Fake\0003_01_00_01_45.jpg,0
Fake\0003_01_00_01_50.jpg,0
Fake\0003_01_00_01_55.jpg,0
Fake\0003_01_00_01_6.jpg,0
Fake\0003_01_00_01_64.jpg,0
Fake\0003_01_00_01_69.jpg,0
Fake\0003_01_00_01_73.jpg,0
Fake\0003_01_00_01_78.jpg,0
Fake\0003_01_00_01_82.jpg,0
Fake\0003_01_00_01_87.jpg,0
Fake\0003_01_00_01_91.jpg,0
Fake\0003_01_00_01_96.jpg,0
Fake\0004_01_00_01_0.jpg,0
Fake\0004_01_00_01_102.jpg,0
Fake\0004_01_00_01_107.jpg,0
Fake\0004_01_00_01_111.jpg,0
Fake\0004_01_00_01_116.jpg,0
Fake\0004_01_00_01_120.jpg,0
Fake\0004_01_00_01_125.jpg,0
Fake\0004_01_00_01_13.jpg,0
Fake\0004_01_00_01_134.jpg,0
Fake\0004_01_00_01_139.jpg,0
Fake\0004_01_00_01_143.jpg,0
Fake\0004_01_00_01_148.jpg,0
Fake\0004_01_00_01_154.jpg,0
Fake\0004_01_00_01_16.jpg,0
Fake\0004_01_00_01_164.jpg,0
Fake\0004_01_00_01_169.jpg,0
Fake\0004_01_00_01_173.jpg,0
Fake\0004_01_00_01_178.jpg,0
Fake\0004_01_00_01_182.jpg,0
Fake\0004_01_00_01_187.jpg,0
Fake\0004_01_00_01_191.jpg,0
Fake\0004_01_00_01_196.jpg,0
Fake\0004_01_00_01_20.jpg,0
Fake\0004_01_00_01_204.jpg,0
Fake\0004_01_00_01_209.jpg,0
Fake\0004_01_00_01_213.jpg,0
Fake\0004_01_00_01_218.jpg,0
Fake\0004_01_00_01_222.jpg,0
Fake\0004_01_00_01_227.jpg,0
Fake\0004_01_00_01_231.jpg,0
Fake\0004_01_00_01_236.jpg,0
Fake\0004_01_00_01_240.jpg,0
Fake\0004_01_00_01_245.jpg,0
Fake\0004_01_00_01_25.jpg,0
Fake\0004_01_00_01_254.jpg,0
Fake\0004_01_00_01_259.jpg,0
Fake\0004_01_00_01_263.jpg,0
Fake\0004_01_00_01_268.jpg,0
Fake\0004_01_00_01_272.jpg,0
Fake\0004_01_00_01_277.jpg,0
Fake\0004_01_00_01_281.jpg,0
Fake\0004_01_00_01_286.jpg,0
Fake\0004_01_00_01_290.jpg,0
Fake\0004_01_00_01_295.jpg,0
Fake\0004_01_00_01_3.jpg,0
Fake\0004_01_00_01_303.jpg,0
Fake\0004_01_00_01_34.jpg,0
Fake\0004_01_00_01_39.jpg,0
Fake\0004_01_00_01_43.jpg,0
Fake\0004_01_00_01_48.jpg,0
Fake\0004_01_00_01_53.jpg,0
Fake\0004_01_00_01_58.jpg,0
Fake\0004_01_00_01_63.jpg,0
Fake\0004_01_00_01_68.jpg,0
Fake\0004_01_00_01_72.jpg,0
Fake\0004_01_00_01_77.jpg,0
Fake\0004_01_00_01_82.jpg,0
Fake\0004_01_00_01_87.jpg,0
Fake\0004_01_00_01_91.jpg,0
Fake\0004_01_00_01_96.jpg,0
Fake\0005_00_00_01_10.jpg,0
Fake\0005_00_00_01_104.jpg,0
Fake\0005_00_00_01_109.jpg,0
Fake\0005_00_00_01_113.jpg,0
Fake\0005_00_00_01_118.jpg,0
Fake\0005_00_00_01_122.jpg,0
Fake\0005_00_00_01_127.jpg,0
Fake\0005_00_00_01_131.jpg,0
Fake\0005_00_00_01_136.jpg,0
Fake\0005_00_00_01_140.jpg,0
Fake\0005_00_00_01_145.jpg,0
Fake\0005_00_00_01_151.jpg,0
Fake\0005_00_00_01_156.jpg,0
Fake\0005_00_00_01_160.jpg,0
Fake\0005_00_00_01_165.jpg,0
Fake\0005_00_00_01_17.jpg,0
Fake\0005_00_00_01_174.jpg,0
Fake\0005_00_00_01_179.jpg,0
Fake\0005_00_00_01_183.jpg,0
Fake\0005_00_00_01_188.jpg,0
Fake\0005_00_00_01_192.jpg,0
Fake\0005_00_00_01_197.jpg,0
Fake\0005_00_00_01_201.jpg,0
Fake\0005_00_00_01_206.jpg,0
Fake\0005_00_00_01_210.jpg,0
Fake\0005_00_00_01_215.jpg,0
Fake\0005_00_00_01_22.jpg,0
Fake\0005_00_00_01_224.jpg,0
Fake\0005_00_00_01_229.jpg,0
Fake\0005_00_00_01_233.jpg,0
Fake\0005_00_00_01_238.jpg,0
Fake\0005_00_00_01_242.jpg,0
Fake\0005_00_00_01_247.jpg,0
Fake\0005_00_00_01_251.jpg,0
Fake\0005_00_00_01_256.jpg,0
Fake\0005_00_00_01_260.jpg,0
Fake\0005_00_00_01_265.jpg,0
Fake\0005_00_00_01_27.jpg,0
Fake\0005_00_00_01_274.jpg,0
Fake\0005_00_00_01_279.jpg,0
Fake\0005_00_00_01_283.jpg,0
Fake\0005_00_00_01_30.jpg,0
Fake\0005_00_00_01_328.jpg,0
Fake\0005_00_00_01_332.jpg,0
Fake\0005_00_00_01_337.jpg,0
Fake\0005_00_00_01_37.jpg,0
Fake\0005_00_00_01_42.jpg,0
Fake\0005_00_00_01_43.jpg,0
Fake\0005_00_00_01_48.jpg,0
Fake\0005_00_00_01_52.jpg,0
Fake\0005_00_00_01_57.jpg,0
Fake\0005_00_00_01_61.jpg,0
Fake\0005_00_00_01_66.jpg,0
Fake\0005_00_00_01_70.jpg,0
Fake\0005_00_00_01_75.jpg,0
Fake\0005_00_00_01_8.jpg,0
Fake\0005_00_00_01_84.jpg,0
Fake\0005_00_00_01_89.jpg,0
Fake\0005_00_00_01_93.jpg,0
Fake\0005_00_00_01_98.jpg,0
Fake\0006_00_00_01_100.jpg,0
Fake\0006_00_00_01_105.jpg,0
Fake\0006_00_00_01_110.jpg,0
Fake\0006_00_00_01_115.jpg,0
Fake\0006_00_00_01_13.jpg,0
Fake\0006_00_00_01_136.jpg,0
Fake\0006_00_00_01_140.jpg,0
Fake\0006_00_00_01_145.jpg,0
Fake\0006_00_00_01_15.jpg,0
Fake\0006_00_00_01_154.jpg,0
Fake\0006_00_00_01_159.jpg,0
Fake\0006_00_00_01_164.jpg,0
Fake\0006_00_00_01_170.jpg,0
Fake\0006_00_00_01_175.jpg,0
Fake\0006_00_00_01_180.jpg,0
Fake\0006_00_00_01_185.jpg,0
Fake\0006_00_00_01_190.jpg,0
Fake\0006_00_00_01_195.jpg,0
Fake\0006_00_00_01_2.jpg,0
Fake\0006_00_00_01_205.jpg,0
Fake\0006_00_00_01_211.jpg,0
Fake\0006_00_00_01_224.jpg,0
Fake\0006_00_00_01_229.jpg,0
Fake\0006_00_00_01_233.jpg,0
Fake\0006_00_00_01_239.jpg,0
Fake\0006_00_00_01_243.jpg,0
Fake\0006_00_00_01_248.jpg,0
Fake\0006_00_00_01_252.jpg,0
Fake\0006_00_00_01_257.jpg,0
Fake\0006_00_00_01_263.jpg,0
Fake\0006_00_00_01_270.jpg,0
Fake\0006_00_00_01_281.jpg,0
Fake\0006_00_00_01_286.jpg,0
Fake\0006_00_00_01_290.jpg,0
Fake\0006_00_00_01_295.jpg,0
Fake\0006_00_00_01_30.jpg,0
Fake\0006_00_00_01_304.jpg,0
Fake\0006_00_00_01_309.jpg,0
Fake\0006_00_00_01_313.jpg,0
Fake\0006_00_00_01_318.jpg,0
Fake\0006_00_00_01_326.jpg,0
Fake\0006_00_00_01_330.jpg,0
Fake\0006_00_00_01_335.jpg,0
Fake\0006_00_00_01_34.jpg,0
Fake\0006_00_00_01_344.jpg,0
Fake\0006_00_00_01_349.jpg,0
Fake\0006_00_00_01_40.jpg,0
Fake\0006_00_00_01_45.jpg,0
Fake\0006_00_00_01_46.jpg,0
Fake\0006_00_00_01_47.jpg,0
Fake\0006_00_00_01_52.jpg,0
Fake\0006_00_00_01_57.jpg,0
Fake\0006_00_00_01_62.jpg,0
Fake\0006_00_00_01_67.jpg,0
Fake\0006_00_00_01_72.jpg,0
Fake\0006_00_00_01_78.jpg,0
Fake\0006_00_00_01_83.jpg,0
Fake\0006_00_00_01_88.jpg,0
Fake\0006_00_00_01_93.jpg,0
Fake\0006_00_00_01_98.jpg,0
Fake\0007_01_00_01_0.jpg,0
Fake\0007_01_00_01_102.jpg,0
Fake\0007_01_00_01_107.jpg,0
Fake\0007_01_00_01_111.jpg,0
Fake\0007_01_00_01_116.jpg,0
Fake\0007_01_00_01_120.jpg,0
Fake\0007_01_00_01_125.jpg,0
Fake\0007_01_00_01_13.jpg,0
Fake\0007_01_00_01_134.jpg,0
Fake\0007_01_00_01_139.jpg,0
Fake\0007_01_00_01_144.jpg,0
Fake\0007_01_00_01_149.jpg,0
Fake\0007_01_00_01_154.jpg,0
Fake\0007_01_00_01_159.jpg,0
Fake\0007_01_00_01_164.jpg,0
Fake\0007_01_00_01_171.jpg,0
Fake\0007_01_00_01_176.jpg,0
Fake\0007_01_00_01_180.jpg,0
Fake\0007_01_00_01_185.jpg,0
Fake\0007_01_00_01_19.jpg,0
Fake\0007_01_00_01_194.jpg,0
Fake\0007_01_00_01_199.jpg,0
Fake\0007_01_00_01_204.jpg,0
Fake\0007_01_00_01_209.jpg,0
Fake\0007_01_00_01_214.jpg,0
Fake\0007_01_00_01_219.jpg,0
Fake\0007_01_00_01_223.jpg,0
Fake\0007_01_00_01_228.jpg,0
Fake\0007_01_00_01_233.jpg,0
Fake\0007_01_00_01_238.jpg,0
Fake\0007_01_00_01_242.jpg,0
Fake\0007_01_00_01_247.jpg,0
Fake\0007_01_00_01_251.jpg,0
Fake\0007_01_00_01_256.jpg,0
Fake\0007_01_00_01_260.jpg,0
Fake\0007_01_00_01_265.jpg,0
Fake\0007_01_00_01_27.jpg,0
Fake\0007_01_00_01_274.jpg,0
Fake\0007_01_00_01_279.jpg,0
Fake\0007_01_00_01_283.jpg,0
Fake\0007_01_00_01_288.jpg,0
Fake\0007_01_00_01_292.jpg,0
Fake\0007_01_00_01_297.jpg,0
Fake\0007_01_00_01_301.jpg,0
Fake\0007_01_00_01_306.jpg,0
Fake\0007_01_00_01_33.jpg,0
Fake\0007_01_00_01_39.jpg,0
Fake\0007_01_00_01_41.jpg,0
Fake\0007_01_00_01_46.jpg,0
Fake\0007_01_00_01_51.jpg,0
Fake\0007_01_00_01_56.jpg,0
Fake\0007_01_00_01_61.jpg,0
Fake\0007_01_00_01_66.jpg,0
Fake\0007_01_00_01_70.jpg,0
Fake\0007_01_00_01_75.jpg,0
Fake\0007_01_00_01_8.jpg,0
Fake\0007_01_00_01_84.jpg,0
Fake\0007_01_00_01_89.jpg,0
Fake\0007_01_00_01_93.jpg,0
Fake\0007_01_00_01_98.jpg,0
Fake\0008_00_00_01_10.jpg,0
Fake\0008_00_00_01_104.jpg,0
Fake\0008_00_00_01_109.jpg,0
Fake\0008_00_00_01_113.jpg,0
Fake\0008_00_00_01_118.jpg,0
Fake\0008_00_00_01_122.jpg,0
Fake\0008_00_00_01_127.jpg,0
Fake\0008_00_00_01_131.jpg,0
Fake\0008_00_00_01_136.jpg,0
Fake\0008_00_00_01_140.jpg,0
Fake\0008_00_00_01_145.jpg,0
Fake\0008_00_00_01_15.jpg,0
Fake\0008_00_00_01_154.jpg,0
Fake\0008_00_00_01_159.jpg,0
Fake\0008_00_00_01_163.jpg,0
Fake\0008_00_00_01_168.jpg,0
Fake\0008_00_00_01_172.jpg,0
Fake\0008_00_00_01_18.jpg,0
Fake\0008_00_00_01_191.jpg,0
Fake\0008_00_00_01_196.jpg,0
Fake\0008_00_00_01_200.jpg,0
Fake\0008_00_00_01_205.jpg,0
Fake\0008_00_00_01_21.jpg,0
Fake\0008_00_00_01_214.jpg,0
Fake\0008_00_00_01_219.jpg,0
Fake\0008_00_00_01_223.jpg,0
Fake\0008_00_00_01_228.jpg,0
Fake\0008_00_00_01_233.jpg,0
Fake\0008_00_00_01_238.jpg,0
Fake\0008_00_00_01_243.jpg,0
Fake\0008_00_00_01_248.jpg,0
Fake\0008_00_00_01_252.jpg,0
Fake\0008_00_00_01_257.jpg,0
Fake\0008_00_00_01_261.jpg,0
Fake\0008_00_00_01_266.jpg,0
Fake\0008_00_00_01_270.jpg,0
Fake\0008_00_00_01_275.jpg,0
Fake\0008_00_00_01_280.jpg,0
Fake\0008_00_00_01_285.jpg,0
Fake\0008_00_00_01_290.jpg,0
Fake\0008_00_00_01_295.jpg,0
Fake\0008_00_00_01_300.jpg,0
Fake\0008_00_00_01_305.jpg,0
Fake\0008_00_00_01_310.jpg,0
Fake\0008_00_00_01_315.jpg,0
Fake\0008_00_00_01_32.jpg,0
Fake\0008_00_00_01_324.jpg,0
Fake\0008_00_00_01_329.jpg,0
Fake\0008_00_00_01_44.jpg,0
Fake\0008_00_00_01_49.jpg,0
Fake\0008_00_00_01_54.jpg,0
Fake\0008_00_00_01_59.jpg,0
Fake\0008_00_00_01_64.jpg,0
Fake\0008_00_00_01_69.jpg,0
Fake\0008_00_00_01_74.jpg,0
Fake\0008_00_00_01_79.jpg,0
Fake\0008_00_00_01_83.jpg,0
Fake\0008_00_00_01_88.jpg,0
Fake\0008_00_00_01_92.jpg,0
Fake\0008_00_00_01_97.jpg,0
Fake\0009_01_00_01_100.jpg,0
Fake\0009_01_00_01_105.jpg,0
Fake\0009_01_00_01_11.jpg,0
Fake\0009_01_00_01_114.jpg,0
Fake\0009_01_00_01_119.jpg,0
Fake\0009_01_00_01_123.jpg,0
Fake\0009_01_00_01_128.jpg,0
Fake\0009_01_00_01_132.jpg,0
Fake\0009_01_00_01_137.jpg,0
Fake\0009_01_00_01_141.jpg,0
Fake\0009_01_00_01_146.jpg,0
Fake\0009_01_00_01_150.jpg,0
Fake\0009_01_00_01_155.jpg,0
Fake\0009_01_00_01_16.jpg,0
Fake\0009_01_00_01_164.jpg,0
Fake\0009_01_00_01_169.jpg,0
Fake\0009_01_00_01_173.jpg,0
Fake\0009_01_00_01_18.jpg,0
Fake\0009_01_00_01_184.jpg,0
Fake\0009_01_00_01_189.jpg,0
Fake\0009_01_00_01_193.jpg,0
Fake\0009_01_00_01_198.jpg,0
Fake\0009_01_00_01_202.jpg,0
Fake\0009_01_00_01_207.jpg,0
Fake\0009_01_00_01_211.jpg,0
Fake\0009_01_00_01_216.jpg,0
Fake\0009_01_00_01_220.jpg,0
Fake\0009_01_00_01_225.jpg,0
Fake\0009_01_00_01_23.jpg,0
Fake\0009_01_00_01_234.jpg,0
Fake\0009_01_00_01_239.jpg,0
Fake\0009_01_00_01_244.jpg,0
Fake\0009_01_00_01_249.jpg,0
Fake\0009_01_00_01_253.jpg,0
Fake\0009_01_00_01_258.jpg,0
Fake\0009_01_00_01_262.jpg,0
Fake\0009_01_00_01_267.jpg,0
Fake\0009_01_00_01_271.jpg,0
Fake\0009_01_00_01_276.jpg,0
Fake\0009_01_00_01_280.jpg,0
Fake\0009_01_00_01_285.jpg,0
Fake\0009_01_00_01_29.jpg,0
Fake\0009_01_00_01_294.jpg,0
Fake\0009_01_00_01_299.jpg,0
Fake\0009_01_00_01_310.jpg,0
Fake\0009_01_00_01_317.jpg,0
Fake\0009_01_00_01_321.jpg,0
Fake\0009_01_00_01_326.jpg,0
Fake\0009_01_00_01_330.jpg,0
Fake\0009_01_00_01_341.jpg,0
Fake\0009_01_00_01_346.jpg,0
Fake\0009_01_00_01_350.jpg,0
Fake\0009_01_00_01_36.jpg,0
Fake\0009_01_00_01_60.jpg,0
Fake\0009_01_00_01_65.jpg,0
Fake\0009_01_00_01_70.jpg,0
Fake\0009_01_00_01_75.jpg,0
Fake\0009_01_00_01_80.jpg,0
Fake\0009_01_00_01_85.jpg,0
Fake\0009_01_00_01_99.jpg,0
